<?xml version="1.0" encoding="UTF-8"?>
<config xmlns="http://www.knime.org/2008/09/XMLConfig" xmlns:xsi="http://www.w3.org/2001/XMLSchema-instance" xsi:schemaLocation="http://www.knime.org/2008/09/XMLConfig http://www.knime.org/XMLConfig_2008_09.xsd" key="model.xml">
    <entry key="version" type="xint" value="1"/>
    <entry key="class_name" type="xstring" value="org.knime.base.data.normalize.NormalizerPortObject"/>
    <config key="model">
        <config key="columns">
            <config key="RISK_MM">
                <entry key="column_name" type="xstring" value="RISK_MM"/>
                <entry key="column_scale" type="xdouble" value="0.11795277758557454"/>
                <entry key="column_translate" type="xdouble" value="-0.2784489527530632"/>
                <entry key="column_min" type="xdouble" value="NaN"/>
                <entry key="column_max" type="xdouble" value="NaN"/>
            </config>
            <config key="MinTemp">
                <entry key="column_name" type="xstring" value="MinTemp"/>
                <entry key="column_scale" type="xdouble" value="0.15652088688892096"/>
                <entry key="column_translate" type="xdouble" value="-1.907426093523592"/>
                <entry key="column_min" type="xdouble" value="NaN"/>
                <entry key="column_max" type="xdouble" value="NaN"/>
            </config>
            <config key="MaxTemp">
                <entry key="column_name" type="xstring" value="MaxTemp"/>
                <entry key="column_scale" type="xdouble" value="0.14065578943943496"/>
                <entry key="column_translate" type="xdouble" value="-3.2669816665627844"/>
                <entry key="column_min" type="xdouble" value="NaN"/>
                <entry key="column_max" type="xdouble" value="NaN"/>
            </config>
            <config key="Rainfall">
                <entry key="column_name" type="xstring" value="Rainfall"/>
                <entry key="column_scale" type="xdouble" value="0.11871948734938495"/>
                <entry key="column_translate" type="xdouble" value="-0.2789877173865228"/>
                <entry key="column_min" type="xdouble" value="NaN"/>
                <entry key="column_max" type="xdouble" value="NaN"/>
            </config>
            <config key="WindGustSpeed">
                <entry key="column_name" type="xstring" value="WindGustSpeed"/>
                <entry key="column_scale" type="xdouble" value="0.07611285568677843"/>
                <entry key="column_translate" type="xdouble" value="-3.0433186206712133"/>
                <entry key="column_min" type="xdouble" value="NaN"/>
                <entry key="column_max" type="xdouble" value="NaN"/>
            </config>
            <config key="WindSpeed9am">
                <entry key="column_name" type="xstring" value="WindSpeed9am"/>
                <entry key="column_scale" type="xdouble" value="0.11298054144790891"/>
                <entry key="column_translate" type="xdouble" value="-1.5819521856994143"/>
                <entry key="column_min" type="xdouble" value="NaN"/>
                <entry key="column_max" type="xdouble" value="NaN"/>
            </config>
            <config key="WindSpeed3pm">
                <entry key="column_name" type="xstring" value="WindSpeed3pm"/>
                <entry key="column_scale" type="xdouble" value="0.11465850249323627"/>
                <entry key="column_translate" type="xdouble" value="-2.1369565384177482"/>
                <entry key="column_min" type="xdouble" value="NaN"/>
                <entry key="column_max" type="xdouble" value="NaN"/>
            </config>
            <config key="Humidity9am">
                <entry key="column_name" type="xstring" value="Humidity9am"/>
                <entry key="column_scale" type="xdouble" value="0.0528204071098737"/>
                <entry key="column_translate" type="xdouble" value="-3.6363580875993295"/>
                <entry key="column_min" type="xdouble" value="NaN"/>
                <entry key="column_max" type="xdouble" value="NaN"/>
            </config>
            <config key="Humidity3pm">
                <entry key="column_name" type="xstring" value="Humidity3pm"/>
                <entry key="column_scale" type="xdouble" value="0.04870430601183735"/>
                <entry key="column_translate" type="xdouble" value="-2.5074246013748756"/>
                <entry key="column_min" type="xdouble" value="NaN"/>
                <entry key="column_max" type="xdouble" value="NaN"/>
            </config>
            <config key="Pressure9am">
                <entry key="column_name" type="xstring" value="Pressure9am"/>
                <entry key="column_scale" type="xdouble" value="0.14823053521902735"/>
                <entry key="column_translate" type="xdouble" value="-150.84736127765453"/>
                <entry key="column_min" type="xdouble" value="NaN"/>
                <entry key="column_max" type="xdouble" value="NaN"/>
            </config>
            <config key="Pressure3pm">
                <entry key="column_name" type="xstring" value="Pressure3pm"/>
                <entry key="column_scale" type="xdouble" value="0.14966054922147995"/>
                <entry key="column_translate" type="xdouble" value="-151.94410034309337"/>
                <entry key="column_min" type="xdouble" value="NaN"/>
                <entry key="column_max" type="xdouble" value="NaN"/>
            </config>
            <config key="Cloud9am">
                <entry key="column_name" type="xstring" value="Cloud9am"/>
                <entry key="column_scale" type="xdouble" value="0.43896608368773693"/>
                <entry key="column_translate" type="xdouble" value="-1.9477756499369003"/>
                <entry key="column_min" type="xdouble" value="NaN"/>
                <entry key="column_max" type="xdouble" value="NaN"/>
            </config>
            <config key="Cloud3pm">
                <entry key="column_name" type="xstring" value="Cloud3pm"/>
                <entry key="column_scale" type="xdouble" value="0.475125148327004"/>
                <entry key="column_translate" type="xdouble" value="-2.1395678411748076"/>
                <entry key="column_min" type="xdouble" value="NaN"/>
                <entry key="column_max" type="xdouble" value="NaN"/>
            </config>
            <config key="Temp9am">
                <entry key="column_name" type="xstring" value="Temp9am"/>
                <entry key="column_scale" type="xdouble" value="0.15450778043698368"/>
                <entry key="column_translate" type="xdouble" value="-2.6247022461129164"/>
                <entry key="column_min" type="xdouble" value="NaN"/>
                <entry key="column_max" type="xdouble" value="NaN"/>
            </config>
            <config key="Temp3pm">
                <entry key="column_name" type="xstring" value="Temp3pm"/>
                <entry key="column_scale" type="xdouble" value="0.1455440770694977"/>
                <entry key="column_translate" type="xdouble" value="-3.1564485983561608"/>
                <entry key="column_min" type="xdouble" value="NaN"/>
                <entry key="column_max" type="xdouble" value="NaN"/>
            </config>
            <config key="W_WindGustDir">
                <entry key="column_name" type="xstring" value="W_WindGustDir"/>
                <entry key="column_scale" type="xdouble" value="2.9318875538922478"/>
                <entry key="column_translate" type="xdouble" value="-0.3940304456258713"/>
                <entry key="column_min" type="xdouble" value="NaN"/>
                <entry key="column_max" type="xdouble" value="NaN"/>
            </config>
            <config key="WNW_WindGustDir">
                <entry key="column_name" type="xstring" value="WNW_WindGustDir"/>
                <entry key="column_scale" type="xdouble" value="4.323042206923653"/>
                <entry key="column_translate" type="xdouble" value="-0.2452276725369431"/>
                <entry key="column_min" type="xdouble" value="NaN"/>
                <entry key="column_max" type="xdouble" value="NaN"/>
            </config>
            <config key="WSW_WindGustDir">
                <entry key="column_name" type="xstring" value="WSW_WindGustDir"/>
                <entry key="column_scale" type="xdouble" value="4.128147888242234"/>
                <entry key="column_translate" type="xdouble" value="-0.25841387658495224"/>
                <entry key="column_min" type="xdouble" value="NaN"/>
                <entry key="column_max" type="xdouble" value="NaN"/>
            </config>
            <config key="NE_WindGustDir">
                <entry key="column_name" type="xstring" value="NE_WindGustDir"/>
                <entry key="column_scale" type="xdouble" value="4.603558117409354"/>
                <entry key="column_translate" type="xdouble" value="-0.22857046626001318"/>
                <entry key="column_min" type="xdouble" value="NaN"/>
                <entry key="column_max" type="xdouble" value="NaN"/>
            </config>
            <config key="NNW_WindGustDir">
                <entry key="column_name" type="xstring" value="NNW_WindGustDir"/>
                <entry key="column_scale" type="xdouble" value="4.766620628724618"/>
                <entry key="column_translate" type="xdouble" value="-0.2199390824095574"/>
                <entry key="column_min" type="xdouble" value="NaN"/>
                <entry key="column_max" type="xdouble" value="NaN"/>
            </config>
            <config key="N_WindGustDir">
                <entry key="column_name" type="xstring" value="N_WindGustDir"/>
                <entry key="column_scale" type="xdouble" value="4.099904980355746"/>
                <entry key="column_translate" type="xdouble" value="-0.26045193284869095"/>
                <entry key="column_min" type="xdouble" value="NaN"/>
                <entry key="column_max" type="xdouble" value="NaN"/>
            </config>
            <config key="NNE_WindGustDir">
                <entry key="column_name" type="xstring" value="NNE_WindGustDir"/>
                <entry key="column_scale" type="xdouble" value="4.811538881235397"/>
                <entry key="column_translate" type="xdouble" value="-0.2176804035570444"/>
                <entry key="column_min" type="xdouble" value="NaN"/>
                <entry key="column_max" type="xdouble" value="NaN"/>
            </config>
            <config key="SW_WindGustDir">
                <entry key="column_name" type="xstring" value="SW_WindGustDir"/>
                <entry key="column_scale" type="xdouble" value="4.150859088965886"/>
                <entry key="column_translate" type="xdouble" value="-0.25679961324138706"/>
                <entry key="column_min" type="xdouble" value="NaN"/>
                <entry key="column_max" type="xdouble" value="NaN"/>
            </config>
            <config key="ENE_WindGustDir">
                <entry key="column_name" type="xstring" value="ENE_WindGustDir"/>
                <entry key="column_scale" type="xdouble" value="4.341812617171978"/>
                <entry key="column_translate" type="xdouble" value="-0.24403287388576222"/>
                <entry key="column_min" type="xdouble" value="NaN"/>
                <entry key="column_max" type="xdouble" value="NaN"/>
            </config>
            <config key="SSE_WindGustDir">
                <entry key="column_name" type="xstring" value="SSE_WindGustDir"/>
                <entry key="column_scale" type="xdouble" value="4.108395840358605"/>
                <entry key="column_translate" type="xdouble" value="-0.25983560226133395"/>
                <entry key="column_min" type="xdouble" value="NaN"/>
                <entry key="column_max" type="xdouble" value="NaN"/>
            </config>
            <config key="S_WindGustDir">
                <entry key="column_name" type="xstring" value="S_WindGustDir"/>
                <entry key="column_scale" type="xdouble" value="4.117803373098644"/>
                <entry key="column_translate" type="xdouble" value="-0.25915637468693736"/>
                <entry key="column_min" type="xdouble" value="NaN"/>
                <entry key="column_max" type="xdouble" value="NaN"/>
            </config>
            <config key="NW_WindGustDir">
                <entry key="column_name" type="xstring" value="NW_WindGustDir"/>
                <entry key="column_scale" type="xdouble" value="4.339005544338174"/>
                <entry key="column_translate" type="xdouble" value="-0.24421076544793383"/>
                <entry key="column_min" type="xdouble" value="NaN"/>
                <entry key="column_max" type="xdouble" value="NaN"/>
            </config>
            <config key="SE_WindGustDir">
                <entry key="column_name" type="xstring" value="SE_WindGustDir"/>
                <entry key="column_scale" type="xdouble" value="4.042861173971592"/>
                <entry key="column_translate" type="xdouble" value="-0.2646754387944709"/>
                <entry key="column_min" type="xdouble" value="NaN"/>
                <entry key="column_max" type="xdouble" value="NaN"/>
            </config>
            <config key="ESE_WindGustDir">
                <entry key="column_name" type="xstring" value="ESE_WindGustDir"/>
                <entry key="column_scale" type="xdouble" value="4.529809331881827"/>
                <entry key="column_translate" type="xdouble" value="-0.23271368611251642"/>
                <entry key="column_min" type="xdouble" value="NaN"/>
                <entry key="column_max" type="xdouble" value="NaN"/>
            </config>
            <config key="E_WindGustDir">
                <entry key="column_name" type="xstring" value="E_WindGustDir"/>
                <entry key="column_scale" type="xdouble" value="4.091892254765803"/>
                <entry key="column_translate" type="xdouble" value="-0.26103644091467704"/>
                <entry key="column_min" type="xdouble" value="NaN"/>
                <entry key="column_max" type="xdouble" value="NaN"/>
            </config>
            <config key="SSW_WindGustDir">
                <entry key="column_name" type="xstring" value="SSW_WindGustDir"/>
                <entry key="column_scale" type="xdouble" value="4.192755312879977"/>
                <entry key="column_translate" type="xdouble" value="-0.2538776398549621"/>
                <entry key="column_min" type="xdouble" value="NaN"/>
                <entry key="column_max" type="xdouble" value="NaN"/>
            </config>
            <config key="W_WindDir9am">
                <entry key="column_name" type="xstring" value="W_WindDir9am"/>
                <entry key="column_scale" type="xdouble" value="4.2750664329312205"/>
                <entry key="column_translate" type="xdouble" value="-0.2483388685519772"/>
                <entry key="column_min" type="xdouble" value="NaN"/>
                <entry key="column_max" type="xdouble" value="NaN"/>
            </config>
            <config key="NNW_WindDir9am">
                <entry key="column_name" type="xstring" value="NNW_WindDir9am"/>
                <entry key="column_scale" type="xdouble" value="4.381219121497312"/>
                <entry key="column_translate" type="xdouble" value="-0.24156433799511226"/>
                <entry key="column_min" type="xdouble" value="NaN"/>
                <entry key="column_max" type="xdouble" value="NaN"/>
            </config>
            <config key="SE_WindDir9am">
                <entry key="column_name" type="xstring" value="SE_WindDir9am"/>
                <entry key="column_scale" type="xdouble" value="4.072912859394285"/>
                <entry key="column_translate" type="xdouble" value="-0.2624322408119235"/>
                <entry key="column_min" type="xdouble" value="NaN"/>
                <entry key="column_max" type="xdouble" value="NaN"/>
            </config>
            <config key="ENE_WindDir9am">
                <entry key="column_name" type="xstring" value="ENE_WindDir9am"/>
                <entry key="column_scale" type="xdouble" value="4.409133081759063"/>
                <entry key="column_translate" type="xdouble" value="-0.23984756202771013"/>
                <entry key="column_min" type="xdouble" value="NaN"/>
                <entry key="column_max" type="xdouble" value="NaN"/>
            </config>
            <config key="SW_WindDir9am">
                <entry key="column_name" type="xstring" value="SW_WindDir9am"/>
                <entry key="column_scale" type="xdouble" value="4.280663322450139"/>
                <entry key="column_translate" type="xdouble" value="-0.24797158641439532"/>
                <entry key="column_min" type="xdouble" value="NaN"/>
                <entry key="column_max" type="xdouble" value="NaN"/>
            </config>
            <config key="SSE_WindDir9am">
                <entry key="column_name" type="xstring" value="SSE_WindDir9am"/>
                <entry key="column_scale" type="xdouble" value="4.114160198678424"/>
                <entry key="column_translate" type="xdouble" value="-0.25941896113979407"/>
                <entry key="column_min" type="xdouble" value="NaN"/>
                <entry key="column_max" type="xdouble" value="NaN"/>
            </config>
            <config key="S_WindDir9am">
                <entry key="column_name" type="xstring" value="S_WindDir9am"/>
                <entry key="column_scale" type="xdouble" value="4.219688811183146"/>
                <entry key="column_translate" type="xdouble" value="-0.2520364369088417"/>
                <entry key="column_min" type="xdouble" value="NaN"/>
                <entry key="column_max" type="xdouble" value="NaN"/>
            </config>
            <config key="NE_WindDir9am">
                <entry key="column_name" type="xstring" value="NE_WindDir9am"/>
                <entry key="column_scale" type="xdouble" value="4.466185443419612"/>
                <entry key="column_translate" type="xdouble" value="-0.2364179518866577"/>
                <entry key="column_min" type="xdouble" value="NaN"/>
                <entry key="column_max" type="xdouble" value="NaN"/>
            </config>
            <config key="SSW_WindDir9am">
                <entry key="column_name" type="xstring" value="SSW_WindDir9am"/>
                <entry key="column_scale" type="xdouble" value="4.488492735276003"/>
                <entry key="column_translate" type="xdouble" value="-0.23510506067341932"/>
                <entry key="column_min" type="xdouble" value="NaN"/>
                <entry key="column_max" type="xdouble" value="NaN"/>
            </config>
            <config key="N_WindDir9am">
                <entry key="column_name" type="xstring" value="N_WindDir9am"/>
                <entry key="column_scale" type="xdouble" value="2.796397028858368"/>
                <entry key="column_translate" type="xdouble" value="-0.42097483560895094"/>
                <entry key="column_min" type="xdouble" value="NaN"/>
                <entry key="column_max" type="xdouble" value="NaN"/>
            </config>
            <config key="WSW_WindDir9am">
                <entry key="column_name" type="xstring" value="WSW_WindDir9am"/>
                <entry key="column_scale" type="xdouble" value="4.672230820324064"/>
                <entry key="column_translate" type="xdouble" value="-0.22484985550257483"/>
                <entry key="column_min" type="xdouble" value="NaN"/>
                <entry key="column_max" type="xdouble" value="NaN"/>
            </config>
            <config key="ESE_WindDir9am">
                <entry key="column_name" type="xstring" value="ESE_WindDir9am"/>
                <entry key="column_scale" type="xdouble" value="4.457529836705759"/>
                <entry key="column_translate" type="xdouble" value="-0.23693156840225424"/>
                <entry key="column_min" type="xdouble" value="NaN"/>
                <entry key="column_max" type="xdouble" value="NaN"/>
            </config>
            <config key="E_WindDir9am">
                <entry key="column_name" type="xstring" value="E_WindDir9am"/>
                <entry key="column_scale" type="xdouble" value="4.101810357374265"/>
                <entry key="column_translate" type="xdouble" value="-0.26031335343473194"/>
                <entry key="column_min" type="xdouble" value="NaN"/>
                <entry key="column_max" type="xdouble" value="NaN"/>
            </config>
            <config key="NW_WindDir9am">
                <entry key="column_name" type="xstring" value="NW_WindDir9am"/>
                <entry key="column_scale" type="xdouble" value="4.206035999682525"/>
                <entry key="column_translate" type="xdouble" value="-0.25296617885046524"/>
                <entry key="column_min" type="xdouble" value="NaN"/>
                <entry key="column_max" type="xdouble" value="NaN"/>
            </config>
            <config key="WNW_WindDir9am">
                <entry key="column_name" type="xstring" value="WNW_WindDir9am"/>
                <entry key="column_scale" type="xdouble" value="4.5627449959868045"/>
                <entry key="column_translate" type="xdouble" value="-0.23084390582609043"/>
                <entry key="column_min" type="xdouble" value="NaN"/>
                <entry key="column_max" type="xdouble" value="NaN"/>
            </config>
            <config key="NNE_WindDir9am">
                <entry key="column_name" type="xstring" value="NNE_WindDir9am"/>
                <entry key="column_scale" type="xdouble" value="4.353100573166623"/>
                <entry key="column_translate" type="xdouble" value="-0.2433202995613561"/>
                <entry key="column_min" type="xdouble" value="NaN"/>
                <entry key="column_max" type="xdouble" value="NaN"/>
            </config>
            <config key="WNW_WindDir3pm">
                <entry key="column_name" type="xstring" value="WNW_WindDir3pm"/>
                <entry key="column_scale" type="xdouble" value="4.182319997128507"/>
                <entry key="column_translate" type="xdouble" value="-0.2545987629148039"/>
                <entry key="column_min" type="xdouble" value="NaN"/>
                <entry key="column_max" type="xdouble" value="NaN"/>
            </config>
            <config key="WSW_WindDir3pm">
                <entry key="column_name" type="xstring" value="WSW_WindDir3pm"/>
                <entry key="column_scale" type="xdouble" value="4.038829147667922"/>
                <entry key="column_translate" type="xdouble" value="-0.2649795497569741"/>
                <entry key="column_min" type="xdouble" value="NaN"/>
                <entry key="column_max" type="xdouble" value="NaN"/>
            </config>
            <config key="E_WindDir3pm">
                <entry key="column_name" type="xstring" value="E_WindDir3pm"/>
                <entry key="column_scale" type="xdouble" value="4.255305915495322"/>
                <entry key="column_translate" type="xdouble" value="-0.24964493292259016"/>
                <entry key="column_min" type="xdouble" value="NaN"/>
                <entry key="column_max" type="xdouble" value="NaN"/>
            </config>
            <config key="NW_WindDir3pm">
                <entry key="column_name" type="xstring" value="NW_WindDir3pm"/>
                <entry key="column_scale" type="xdouble" value="4.225518057749247"/>
                <entry key="column_translate" type="xdouble" value="-0.25164169061079006"/>
                <entry key="column_min" type="xdouble" value="NaN"/>
                <entry key="column_max" type="xdouble" value="NaN"/>
            </config>
            <config key="W_WindDir3pm">
                <entry key="column_name" type="xstring" value="W_WindDir3pm"/>
                <entry key="column_scale" type="xdouble" value="3.927060351881413"/>
                <entry key="column_translate" type="xdouble" value="-0.27372019120137014"/>
                <entry key="column_min" type="xdouble" value="NaN"/>
                <entry key="column_max" type="xdouble" value="NaN"/>
            </config>
            <config key="SSE_WindDir3pm">
                <entry key="column_name" type="xstring" value="SSE_WindDir3pm"/>
                <entry key="column_scale" type="xdouble" value="4.07705912867312"/>
                <entry key="column_translate" type="xdouble" value="-0.2621259454004746"/>
                <entry key="column_min" type="xdouble" value="NaN"/>
                <entry key="column_max" type="xdouble" value="NaN"/>
            </config>
            <config key="ESE_WindDir3pm">
                <entry key="column_name" type="xstring" value="ESE_WindDir3pm"/>
                <entry key="column_scale" type="xdouble" value="4.245774785554241"/>
                <entry key="column_translate" type="xdouble" value="-0.2502801421484612"/>
                <entry key="column_min" type="xdouble" value="NaN"/>
                <entry key="column_max" type="xdouble" value="NaN"/>
            </config>
            <config key="ENE_WindDir3pm">
                <entry key="column_name" type="xstring" value="ENE_WindDir3pm"/>
                <entry key="column_scale" type="xdouble" value="4.412091087028839"/>
                <entry key="column_translate" type="xdouble" value="-0.23966715349004897"/>
                <entry key="column_min" type="xdouble" value="NaN"/>
                <entry key="column_max" type="xdouble" value="NaN"/>
            </config>
            <config key="NNW_WindDir3pm">
                <entry key="column_name" type="xstring" value="NNW_WindDir3pm"/>
                <entry key="column_scale" type="xdouble" value="4.409670420220421"/>
                <entry key="column_translate" type="xdouble" value="-0.23981476837512739"/>
                <entry key="column_min" type="xdouble" value="NaN"/>
                <entry key="column_max" type="xdouble" value="NaN"/>
            </config>
            <config key="SSW_WindDir3pm">
                <entry key="column_name" type="xstring" value="SSW_WindDir3pm"/>
                <entry key="column_scale" type="xdouble" value="4.337222311673724"/>
                <entry key="column_translate" type="xdouble" value="-0.2443239169052354"/>
                <entry key="column_min" type="xdouble" value="NaN"/>
                <entry key="column_max" type="xdouble" value="NaN"/>
            </config>
            <config key="SW_WindDir3pm">
                <entry key="column_name" type="xstring" value="SW_WindDir3pm"/>
                <entry key="column_scale" type="xdouble" value="4.0687805470014835"/>
                <entry key="column_translate" type="xdouble" value="-0.2627382711003172"/>
                <entry key="column_min" type="xdouble" value="NaN"/>
                <entry key="column_max" type="xdouble" value="NaN"/>
            </config>
            <config key="SE_WindDir3pm">
                <entry key="column_name" type="xstring" value="SE_WindDir3pm"/>
                <entry key="column_scale" type="xdouble" value="3.3105046483813196"/>
                <entry key="column_translate" type="xdouble" value="-0.336212033132954"/>
                <entry key="column_min" type="xdouble" value="NaN"/>
                <entry key="column_max" type="xdouble" value="NaN"/>
            </config>
            <config key="N_WindDir3pm">
                <entry key="column_name" type="xstring" value="N_WindDir3pm"/>
                <entry key="column_scale" type="xdouble" value="4.179837250802106"/>
                <entry key="column_translate" type="xdouble" value="-0.2547709764383697"/>
                <entry key="column_min" type="xdouble" value="NaN"/>
                <entry key="column_max" type="xdouble" value="NaN"/>
            </config>
            <config key="S_WindDir3pm">
                <entry key="column_name" type="xstring" value="S_WindDir3pm"/>
                <entry key="column_scale" type="xdouble" value="3.9858664513960433"/>
                <entry key="column_translate" type="xdouble" value="-0.26904521460619935"/>
                <entry key="column_min" type="xdouble" value="NaN"/>
                <entry key="column_max" type="xdouble" value="NaN"/>
            </config>
            <config key="NNE_WindDir3pm">
                <entry key="column_name" type="xstring" value="NNE_WindDir3pm"/>
                <entry key="column_scale" type="xdouble" value="4.80762521809113"/>
                <entry key="column_translate" type="xdouble" value="-0.2178752604233603"/>
                <entry key="column_min" type="xdouble" value="NaN"/>
                <entry key="column_max" type="xdouble" value="NaN"/>
            </config>
            <config key="NE_WindDir3pm">
                <entry key="column_name" type="xstring" value="NE_WindDir3pm"/>
                <entry key="column_scale" type="xdouble" value="4.298587815067975"/>
                <entry key="column_translate" type="xdouble" value="-0.246803083992987"/>
                <entry key="column_min" type="xdouble" value="NaN"/>
                <entry key="column_max" type="xdouble" value="NaN"/>
            </config>
            <config key="No_RainToday">
                <entry key="column_name" type="xstring" value="No_RainToday"/>
                <entry key="column_scale" type="xdouble" value="2.409259096479295"/>
                <entry key="column_translate" type="xdouble" value="-1.876298649201618"/>
                <entry key="column_min" type="xdouble" value="NaN"/>
                <entry key="column_max" type="xdouble" value="NaN"/>
            </config>
            <config key="Yes_RainToday">
                <entry key="column_name" type="xstring" value="Yes_RainToday"/>
                <entry key="column_scale" type="xdouble" value="2.4092590964792935"/>
                <entry key="column_translate" type="xdouble" value="-0.53296044727769"/>
                <entry key="column_min" type="xdouble" value="NaN"/>
                <entry key="column_max" type="xdouble" value="NaN"/>
            </config>
        </config>
        <entry key="summary" type="xstring" value="Z-Score (Gaussian) normalization on 65 column(s)"/>
    </config>
</config>
