<?xml version="1.0" encoding="UTF-8"?>
<config xmlns="http://www.knime.org/2008/09/XMLConfig" xmlns:xsi="http://www.w3.org/2001/XMLSchema-instance" xsi:schemaLocation="http://www.knime.org/2008/09/XMLConfig http://www.knime.org/XMLConfig_2008_09.xsd" key="model.xml">
    <entry key="version" type="xint" value="1"/>
    <entry key="class_name" type="xstring" value="org.knime.base.data.normalize.NormalizerPortObject"/>
    <config key="model">
        <config key="columns">
            <config key="sepal_length">
                <entry key="column_name" type="xstring" value="sepal_length"/>
                <entry key="column_scale" type="xdouble" value="0.27777777777777773"/>
                <entry key="column_translate" type="xdouble" value="-1.1944444444444442"/>
                <entry key="column_min" type="xdouble" value="0.0"/>
                <entry key="column_max" type="xdouble" value="1.0"/>
            </config>
            <config key="sepal_width">
                <entry key="column_name" type="xstring" value="sepal_width"/>
                <entry key="column_scale" type="xdouble" value="0.41666666666666663"/>
                <entry key="column_translate" type="xdouble" value="-0.8333333333333333"/>
                <entry key="column_min" type="xdouble" value="0.0"/>
                <entry key="column_max" type="xdouble" value="1.0"/>
            </config>
            <config key="petal_length">
                <entry key="column_name" type="xstring" value="petal_length"/>
                <entry key="column_scale" type="xdouble" value="0.17543859649122806"/>
                <entry key="column_translate" type="xdouble" value="-0.17543859649122806"/>
                <entry key="column_min" type="xdouble" value="0.0"/>
                <entry key="column_max" type="xdouble" value="1.0"/>
            </config>
            <config key="petal_width">
                <entry key="column_name" type="xstring" value="petal_width"/>
                <entry key="column_scale" type="xdouble" value="0.4166666666666667"/>
                <entry key="column_translate" type="xdouble" value="-0.04166666666666667"/>
                <entry key="column_min" type="xdouble" value="0.0"/>
                <entry key="column_max" type="xdouble" value="1.0"/>
            </config>
        </config>
        <entry key="summary" type="xstring" value="Min/Max (0.0, 1) normalization on 4 column(s)"/>
    </config>
</config>
